{"EtB9Qxq8Ka7cLaUs8R5P/w==":"mbr-1622x1081.jpg","bhXyrfjy1eC5h3JUvSwFrQ==":"logo-64x66.jpg","IYfo/Hi1vGWTkBByWzlg6A==":"mbr-1686x1122.jpg","rz75fJl0oDwRobbgCdNODQ==":"mbr-1686x1124.jpg","7MTTxFA65GPQYnzql39iHw==":"mbr-811x540.jpg","RSb2B0MRI/dcZ6ofTkvL8w==":"mbr-811x579.jpg","9MNiBdsftAZPTptMD34fUw==":"mbr-811x579.jpeg","yKUgTFcIK0Ujk9m4dVgJMg==":"mbr-1-811x579.jpeg","WEv7rdGBJ2EbFMfR8ExrqQ==":"mbr-2-811x579.jpeg","6aiOBsQIgl4n07k3kAQtfg==":"mbr-811x539.jpg","CCdYSd8yYJEDGlW0myIe+Q==":"mbr-811x250.jpg","irHkjl4NFeYqcxomze8T6g==":"mbr-811x250.jpeg","tljR1gy3fuSq8mX/ugawRQ==":"mbr-816x544.jpg","wymjlWZ4u7omkYMkZyRzqA==":"mbr-1920x1278.jpg","MaOcN8s+pa1lAjAJ8t7QnQ==":"mbr-1920x1280.jpg","DU7qMi3Z25hB1tehKaV9yg==":"mbr-1920x1280.jpeg","UZs0Vmm9GKbc39PBSrazbw==":"mbr-1-1920x1280.jpeg","RH4Ekexu7BesbZM4RZpiJw==":"mbr-1920x1277.jpg","mO34VMCMdOHuJku8Ub0wMA==":"black%20&%20white%20minimalist%20aesthetic%20initials%20font%20logo-102x102.png","CDEIRcvVtz+0MjK16BWTaA==":"black%20&%20white%20minimalist%20aesthetic%20initials%20font%20logo-500x500.png","vczRUuzCCB9l166MARJ0Pg==":"black%20&%20white%20minimalist%20aesthetic%20initials%20font%20logo-500x500.png","3EkN4ipXVrkQXX9o85c26g==":"black%20&%20white%20minimalist%20aesthetic%20initials%20font%20logo-500x500.png","jeGrWGqeEh8MOtvOQb1wsQ==":"black%20&%20white%20minimalist%20aesthetic%20initials%20font%20logo-354x354.png","Oe7gg54vtQ7onQ7PG9oekw==":"mbr-1920x1260.jpg","BTQS+5Vb6SyAELibMkB6BA==":"mbr-1920x1260.jpeg","H/QhuUgZu9h9K5CAHhlOCQ==":"mbr-1-1920x1260.jpeg","zaB8K3ASgaDZLo6NlZd8PQ==":"mbr-1-1920x1280.jpg","OxgH5/cdQoDRdpTyWGQDYA==":"mbr-2-1920x1280.jpeg","HZsaLAkGqAwMHImEjS7m/w==":"mbr-2-1920x1280.jpg","kiLake8pRfXz8hKOA1z74w==":"mbr-3-1920x1280.jpeg","Rz8QqHEZ71kgZaw9XSjZLw==":"mbr-4-1920x1280.jpeg","ZJrk2c6xNTwwz44ddL1FIw==":"mbr-5-1920x1280.jpeg","0HAwQvB4ATHyyvXResv/Ow==":"mbr-6-1920x1280.jpeg","e1/8IqMnPIvtAdC6rbIeWw==":"mbr-1920x1281.jpeg","1ZGG27fdvsoFqwjPeEwH2A==":"mbr-1920x1371.jpeg","7X9NhLPgwNuT6+C/RN+Qxg==":"mbr-1920x1440.jpeg","+zHKS04iq5s97aPLdmxmlQ==":"mbr-1-1920x1440.jpeg","7dCsHPo4+QJiX7pxbFuyVg==":"mbr-2-1920x1440.jpeg","SoSV518YpIxoUQlaG3wspQ==":"mbr-3-1920x1440.jpeg","Uf45KsptRd/0uHZokSlnNw==":"mbr-1920x1275.jpg","ie1/IlPJIudHCuhJBc3i4A==":"mbr-1920x1275.jpeg","yiztX1EPjE9qZVBN9WJeyQ==":"mbr-1920x1270.jpeg","UzepSWpB7a35z08Cf8GCFg==":"oig1-1024x1024.jpg","tuH6GmmXxtSgPz8oyatvrA==":"oig1-1024x1024.jpeg","BdVrWWuS4lxvDBpNTi6IDA==":"oig1-1-1024x1024.jpeg","Y/Ur5PRgaMXpnvBlQqmrMQ==":"oig1-2-1024x1024.jpeg","5diBMvfcqTGwp10nzcchYQ==":"oig1-3-1024x1024.jpeg","Y1fTy8zcS53eE4vhgs2o0Q==":"mbr-1-1920x1281.jpeg","WVBZfRjCdOhtFgZrvc9XVQ==":"mbr-2-1920x1281.jpeg","zZrQRZec1SqEyKHv9bZ3uw==":"mbr-3-1920x1281.jpeg","VWU65Lip2orY+XCHCLme0g==":"mbr-1920x1080.jpg","DX8BHnN9ogB0GIiq4QLI7w==":"mbr-1920x1080.jpeg","ygR86eAC/0t5lk7+VibOyg==":"mbr-3-1920x1280.jpg","UAbJbtL964hC2RR3J0eFrg==":"_b51d698b-5433-4f6b-a2f1-4245d9cbaeef-1024x1024.jpg","Yau6AuJB1h9DFmoD6iX/Wg==":"_4ee055a8-6803-4a8e-a929-8c72bf115831-1024x1024.jpeg","RhdlgQA2tbx747ms4PrMyQ==":"_ff258a1d-d68f-4b21-a510-4dc7a92c50de-1024x1024.jpeg","9C/ws5mTmYfzdSWJjak8qw==":"_4ee055a8-6803-4a8e-a929-8c72bf115831-1-1024x1024.jpeg","wFd78qiUlWPXfhRkhdWaeg==":"mbr-4-1920x1281.jpeg","EWfRXOu5gVRX9N+xs8NdnQ==":"mbr-2-1920x1260.jpeg","wnWSbJL/wsEIrZDak0qA4A==":"mbr-4-1920x1280.jpg","Bb2iZ/LKbXkCHg2a/faiMA==":"metamorfoza%20-%203%20miesi%C4%85ce-528x374.jpg","ceKaUkBswr2p5cOFmSQv0A==":"sibo-925x541.jpg","DCdKRtw87ye7H7it1hPg4g==":"bez%C2%A0tytu%C5%82u-941x931.jpg","KmHltU50xi7bCAIRn5W52g==":"bez%C2%A0tytu%C5%82u-528x522.jpg","Fn3MwKTn7Z2oTsgBKjn/iw==":"20240830_151636a-2167x1770.jpg","GMEC6eLUksdIBNcwhgwfbA==":"20240830-151659-2268x1518.jpg","uEh+iHO2zgz+GB0XvksDrg==":"20240830-151636-2264x1642.jpg","ZILTb+DTKhtcLRGVHE/A8g==":"reklama-1920x1277.jpg","MrxWhmQV/bWcgJx9sZWt2A==":"reklama-1920x1277.jpeg","CRTyHH5z9k31ljkQDQeycg==":"reklama-1-1920x1277.jpeg","Y2xfNQyxF1vzC64We7Gu3w==":"20240627-104531-1152x2048.jpg","+OtcbxmmHR/2YbUWGxe5mQ==":"20240707-180510-1152x2048.jpg","hlxf4c87bN38a/r5nwMoHg==":"20240830-145751-1152x2048.jpg","HC+Wkozgxm7vAvYsQ59yww==":"20240830_151620a-1152x2048.jpg","deje/lfZJVr0QA3g99Jswg==":"20240830_151636a-2167x2854.jpg","G0Ssp/dhQfK2bI/etUkoTg==":"20240830_151636a-2167x2854.jpeg","0/BhiOUmd/IvcTnqeZevKw==":"20240830-151405-2268x2840.jpg","yqCyB25lqqCFPUyOcAsFUA==":"20240830_151620a-2268x4032.jpeg","DBhHwyr3sum1f9DJZuLz+w==":"20240830_151636ab-2167x2854.jpg","PGqM/OY8MsAOfCqKTpymGw==":"20240830_151636abc-2161x2444.jpg","R+wsrfdhZ+VUEHxOoXmpQQ==":"20240830_151636abc-2161x2171.jpg","qA10yMvBMUlwm3hjD7PSTw==":"20240830_151636abc-2155x2060.jpg","n3hgXhO4djXL08Tx8O5j0g==":"20240707-180510-838x1490.jpg","2p/LNhsYmf3+I2ZRltQO5Q==":"20240627-104531-838x1490.jpg","4xmExS6A+paw93LecFKHDw==":"20240830-145751-838x1490.jpg","9WS8fVeFRadW5A+Lu0OedA==":"20240830_150530a-838x1490.jpg","XqStexa3ucYeWEdbgE9USg==":"background1.jpg","OxhMXAGR2WMipTvfVTnaVQ==":"social-media-3758364-1920-1920x819.jpg","4aivQtNYui8KxOe2ugHaIA==":"mbr-1831x1253.jpg","EbYIhv77Ew+KV1Qz947gWQ==":"mbr-646x430.jpg","nek/SWhaLOsvuZvA3aduzw==":"mbr-2-646x431.jpg","vzUOXnxKSr676kB6PUPezw==":"mbr-3-646x431.jpg","1ajr+xCqOG/swuac+TpxUg==":"photo-1556155092-490a1ba16284.jpeg","yJfCuuw4rxH7aLaThcnfxw==":"mbr-1-921x660.jpg","YHKi8f2pdjPIFauQ0F0AlQ==":"photo-1524642176501-f3393ec0b116.jpeg","+w/7OwEKD9MjYFEHQ5fodQ==":"mbr-921x612.jpg","+ni/Ve9tB4JI1nrlZPmwUA==":"mbr-921x614.jpg","gnpISfr2y2SV6tpBzuVDVg==":"20240830-151636abc-1036x990.jpg","vVRmql1P9NdFRjwwISYQNw==":"466983966-550070907641400-2890419993275519980-n-192x192.jpg","fgZqVfaxWXTZrc1dcSHCPg==":"logo-140x141.png","E8coyb5N2Qo3ilM63BYXLw==":"logo-koo-1-400x401.png","+WjeRkckJA0AyePAddVFug==":"logo-koo-podpis-192x192.png","5Uw+XLULL3deY+m5RsQSBA==":"social-media-3758364-1920-1256x536.jpg","6iqK35asiwTFLrIxc0aL4Q==":"logo%20ko%C5%81o-1-192x192.png","/MtwBO0mVAdLNrgAhtWJBA==":"20240830_151636abc+logo-1357x1297.jpg","bc55DtIcxyYR7jBGXW9u9Q==":"z%20zami%C5%81owania-ko%C5%82o-192x192.png","V68YlbYdVk5Yq5yFehwK0g==":"logo%20ko%C5%81o_ma%C5%82e-210x210.jpg","zB/QXx9xs2ONGuQRtAUwGg==":"logo-koo-podpis-480x480.png","W1NCotbug37deN96jPIzoQ==":"logo%20z%20nazw%C4%85-400x400.png","7fp2Llg5o+tMmiyXTJi/Bg==":"grupowe-1771x1771.jpg","tlt2KnoJaTCqsf0H2JeM9w==":"grupowe-1771x1771.jpeg","Hn84UtIk1iNfJ/simvd5mg==":"20240627-104531-401x713.jpg","qHa0By6OfksBpoIo9zV+3Q==":"20240707-180510-498x885.jpg","XR53WNLCL+mt5xpd0MyLTw==":"20240830_150530a-338x601.jpg","PG6wcGdkMFHCHYtdqxPERg==":"20240627-104531-613x1090.jpg","Hcssjak7cnr/o8AU0IJhJQ==":"20240830-145751-498x885.jpg","0Rf7siv3RKPCYriUEAu/DQ==":"20250501-195106-401x712.jpg","nlJDDbYUGNn+VzLH2PlaWg==":"grupowe-1685x1685.jpeg","8AASiEsErsjYs2LjBZ0SaQ==":"aqua%20vida-160x142.png","tpIZgbZOn3Mu/tfSP1kpsA==":"lusowski-160x160.png","KzGXqZrpsF2K/Sfd/MYtEg==":"fit-zone-160x160.png","WXaAt8itK3hd0Y0bWZttDA==":"fyrtel-160x226.png","4xecqnOGchgSCAD5XPP9Bg==":"mbr-1920x1920.jpg","5yKAdxtr5XOGcmKX6Rt6Aw==":"mbr-1920x1280.jpg","qUb3hQa/4e6o+G4e3pJPEQ==":"mbr-1-1920x1280.jpg","hBY6AzAO15+by91xJmlvXQ==":"mbr-2-1920x1280.jpg","nrLdTxMZGN1bFAr3u7smvw==":"eat-191902-1280-1280x650.jpg","Gh8bz40VabV2wLmEGfH9Pg==":"bez%20tytu%C5%82u-2000x1016.jpg","scBPl/GFtuLC7HiUhkI5Dw==":"bez%20tytu%C5%82u-2000x1016.jpeg","goGXqb2+zm0QW7WFCXeyrA==":"mbr-1920x1280.jpg","cV6TeSXddHx2YJi9Kpzmgw==":"ramka-2000x2000.jpg","lNuRBeRqmccLHhqPw10rpw==":"ramka-2000x2000.jpeg","xfcpkQjfYijv/v9t/EVizQ==":"gemini_generated_image_hwmd42hwmd42hwmd-2000x1091.jpg","4/LM9pwSS270wFXTlCCFMA==":"talerz-816x816.jpg","BMG9+Ge0w7XGVquVJwcoiQ==":"brain-816x816.jpg","5RKscADOaP15BjtBykx4cw==":"balon-816x816.jpg","6OuCqJZ8i6pF7ZJYjDB6oA==":"mbr-1920x640.jpg","4gj68acUD7/kis2UNT80wA==":"mbr-1920x603.png","rZ6r+p1P/4HBdCchT51yPA==":"jedzenie%2520cennik-2000x1468.jpg","4Z60rDbNmRSiU0JxxuVkoA==":"jedzenie%2520cennik-2000x1468.jpeg","P8zdcUlwpfV9D52fNGTk/Q==":"mbr-1920x960.png","FrMucPTYkIv9XOdg/VDOFA==":"mbr-1-1920x1280.jpg","HLwFlu6YYOq9T+aOxTjzMA==":"mbr-1920x1536.jpg","mCgitrVY0RUk5cuL/DOzNg==":"mbr-2-1920x1280.jpg","9KSTUdxuy179+c5tbOyOsQ==":"mbr-3-1920x1280.jpg","MKKl6Fw353ixOnQ48+m0wg==":"logo%2520kolo_male-192x192.jpg","HwFrqW+tFFBVx+daFZu4+A==":"logo%2520kolo_male-192x192.jpeg","Ciah7jUmSsssVV+ujJTIRw==":"logo%2520kolo-192x192.png"}